Keith,Green,,,
Ernesto,Lucero,,,
Manuel,Urban,,,
Ronald,Cannon,,,
William,Robinson,,,
John,Fiqueroa,,,
Richard,Porter,,,
Alejandro,Strong,,,
Jason,Pulido,,,
Randall,Tracy,,,
Roosevelt,Harrell,,,
Jason,Petersen,,,
Robert,Kilburn,,,
David,Dunston,,,
Robert,Edwards,,,
Whitney,Ozuna,,,
Raymond,Denison,,,
John,Dunn,,,
Leroy,Manning,,,
James,Anderson,,,
Christopher,Newsome,,,
Rogelio,Rocha,,,
Roy,Dougherty,,,
Ramon,Hill,,,
Charles,Scott,,,
Christian,Rothrock,,,
Trevor,Sanders,,,
Joe,Seals,,,
James,Bullock,,,
Travis,Ojeda,,,
James,Culver,,,
Gary,Parker,,,
Ralph,Green,,,
Harold,Cleary,,,
Gerald,Barden,,,
Terry,Brown,,,
Theodore,Talley,,,
John,Nagel,,,
David,Thomas,,,
Cristobal,Hardwick,,,
Clarence,Hodge,,,
Alan,Bolton,,,
Ralph,Wyatt,,,
Micheal,Strothers,,,
Mark,Grant,,,
James,Heckel,,,
Richard,Brownlee,,,
Michael,Kelley,,,
Thomas,Batey,,,
John,Gutierrez,,,
Mark,Aitken,,,
Charles,Moore,,,
Mack,Jenkins,,,
Pedro,Laramie,,,
Christopher,Montenegro,,,
Mauro,Smith,,,
Michael,Grosso,,,
Thomas,Mangum,,,
Roy,Adams,,,
Bobby,Francis,,,
Harold,Maldonado,,,
Derrick,Turner,,,
Chris,Munoz,,,
James,Elsea,,,
Benjamin,Jacobs,,,
Robbie,McNair,,,
William,Adrian,,,
Albert,Lamb,,,
Michael,Ruder,,,
Robert,Johnson,,,
Genaro,Fine,,,
John,Nash,,,
Brian,Hickman,,,
John,Herrera,,,
Keith,Hulett,,,
Keith,Hill,,,
Gregory,Abrams,,,
Charles,Reese,,,
Louis,Ayala,,,
David,Hayes,,,
Johnny,Lopez,,,
Steven,Rivera,,,
Ramon,Swenson,,,
Jason,Loch,,,
Ryan,Vick,,,
Anthony,Plumley,,,
Kevin,Eley,,,
Wayne,Shumate,,,
Ricardo,Martin,,,
Richard,Waddell,,,
William,Reinhard,,,
Charles,Garren,,,
John,Jones,,,
Raymond,Starling,,,
James,Bolanos,,,
Bradford,Sheehan,,,
Jack,David,,,
Lee,Fields,,,
Steven,Harvey,,,
Elmer,Whitfield,,,
Glenn,Lemus,,,
Charles,Whitehead,,,
Kenneth,Machado,,,
Robert,Henderson,,,
Roberto,Dawkins,,,
John,Harper,,,
Clarence,Hayes,,,
Leonard,Willey,,,
Ward,Laymon,,,
Dale,Becker,,,
Doug,Powley,,,
Anthony,Hamrick,,,
Jonathan,Martin,,,
Michael,Witherspoon,,,
Joseph,Lyle,,,
Donald,Murray,,,
Chad,German,,,
Aaron,Sumrall,,,
Randy,Morrow,,,
Louis,Garrard,,,
Francis,Perkins,,,
Craig,Shepherd,,,
James,Davis,,,
Jack,Bullis,,,
Ferdinand,Wright,,,
Bennie,Augustine,,,
Douglas,Dupree,,,
Marcus,Ashe,,,
Joseph,Alvarez,,,
Timothy,Inman,,,
Tyrone,Newhouse,,,
Kenny,Sparkman,,,
Dalton,Focht,,,
Ryan,Pidgeon,,,
Jack,Williams,,,
Benjamin,Borowski,,,
Lamar,Atkinson,,,
Michael,Kee,,,
Juan,Brady,,,
Derrick,Meyer,,,
Saul,Dalton,,,
Andy,Hunsicker,,,
Gary,Marshall,,,
Thomas,Frye,,,
Scott,Brown,,,
Michael,Merced,,,
Robert,Clark,,,
Patrick,Taylor,,,
Marlon,Rankin,,,
John,Schutte,,,
Joseph,Albrecht,,,
Timothy,Jackson,,,
Daniel,Dinsmore,,,
David,Colosimo,,,
Dan,Washington,,,
Donald,Desai,,,
Richard,Rodriguez,,,
Richard,Poor,,,
Joey,Russo,,,
Rodney,Deaton,,,
Julius,Pickles,,,
John,Warner,,,
Robert,Mattox,,,
Dexter,Felix,,,
David,Finck,,,
Scott,Sanderson,,,
Thomas,Mills,,,
Douglas,Dow,,,
Brandon,Miranda,,,
Lee,Barcia,,,
Samuel,Niemeyer,,,
Tomas,Paulson,,,
David,Davis,,,
Alonzo,West,,,
Richard,Pullin,,,
Dwight,Hilliard,,,
Mark,Perez,,,
Craig,Mohler,,,
James,Delgado,,,
Bill,Reardon,,,
Carl,Gonzalez,,,
Joseph,Franco,,,
Tony,Kirby,,,
Terrance,Seay,,,
Carl,Gardner,,,
Clarence,Casias,,,
Billy,Murray,,,
John,Taylor,,,
Rene,Pavon,,,
Robert,Cooper,,,
Alfredo,Langlinais,,,
Francis,Ross,,,
Peter,Hare,,,
Richard,Leon,,,
Bruce,Roach,,,
Linwood,Buell,,,
Sean,Rager,,,
Calvin,Collins,,,
Richard,Thomas,,,
Arturo,Joyce,,,
Richard,Paul,,,
David,Young,,,
Mark,Pasko,,,
Michael,Grant,,,
Ted,Wilson,,,
William,Mongillo,,,
Joseph,Jordan,,,
Thomas,Cadena,,,
Thomas,Kim,,,
Andres,Sellers,,,
Ross,Street,,,
Jim,Cameron,,,
Jimmy,Owen,,,
Brandon,Peterson,,,
Claude,Oyler,,,
Thomas,Boone,,,
George,Rasmussen,,,
Marc,McMullen,,,
Marcus,Wood,,,
Martin,Williams,,,
Matthew,Robinson,,,
Justin,Thrash,,,
Willie,Faucher,,,
James,Steele,,,
Joseph,Davidson,,,
Dale,Martelli,,,
Kermit,Frame,,,
Irving,Cardillo,,,
Winston,Johnson,,,
Carlos,Park,,,
Brandon,Smith,,,
William,Goulet,,,
Dallas,Forbush,,,
Paul,Reynolds,,,
Luis,Wamsley,,,
Robert,Wainwright,,,
Irwin,Wells,,,
David,McClinton,,,
Rich,Furr,,,
Todd,Williams,,,
Leon,Holleman,,,
Roger,Wise,,,
Brian,Bennett,,,
John,Walt,,,
Dennis,Lawless,,,
John,Schmidt,,,
Richard,Tittle,,,
Derrick,Branham,,,
Brian,Gauthier,,,
Kenneth,Becker,,,
Robert,Park,,,
Joseph,Kim,,,
Harry,Paquette,,,
Matthew,Hough,,,
Stephen,Dix,,,
Ronnie,Hammond,,,
Kenneth,Reis,,,
Marcel,Jackson,,,
John,Wylie,,,
Mike,Friedman,,,
Augustine,Johnson,,,
Donovan,Trejo,,,
Andrew,Cornell,,,
Cesar,Reynolds,,,
Corey,Johnson,,,
Bryan,Fultz,,,
Floyd,Dickson,,,
Gordon,Ross,,,
Harold,Ross,,,
James,Howell,,,
Amos,Underwood,,,
Bryan,Lampley,,,
Randy,Howard,,,
Carl,Walker,,,
Leroy,Dixon,,,
Jeff,Paredes,,,
Wilson,Brady,,,
Daniel,Williams,,,
Robert,Harrington,,,
David,Gross,,,
James,Keaton,,,
Christopher,Madrid,,,
Fred,Bell,,,
Mathew,Hicks,,,
Andy,Redding,,,
Kareem,Anderson,,,
Donald,Bennett,,,
Robert,Spada,,,
Scott,Mott,,,
Charles,Ko,,,
Cordell,Phipps,,,
Mathew,Parks,,,
Walter,Damico,,,
Kyle,Williams,,,
Richard,Scriber,,,
Robert,Middleton,,,
Thomas,Eriksen,,,
Richard,Vega,,,
Steve,Rule,,,
David,Smith,,,
Sylvester,Roney,,,
Loyd,Holmquist,,,
Michael,Sullivan,,,
William,Adcock,,,
James,Ewing,,,
Vicente,Stiles,,,
Edward,Bastien,,,
Kenneth,Green,,,
William,Houser,,,
Chris,Burkett,,,
Jason,McRaney,,,
Elton,Menard,,,
John,Nolan,,,
Joshua,Hone,,,
Armando,Lyle,,,
Jeffrey,Daniels,,,
Jeremy,Delgado,,,
Michael,Jarrell,,,
Bruce,Padilla,,,
Vincent,Butler,,,
Micheal,Griffin,,,
James,Soileau,,,
Steven,Roberts,,,
David,Grover,,,
Paul,Hutchinson,,,
Jason,Rowsey,,,
Matthew,Harriss,,,
Bradford,Trotter,,,
Harvey,Jennings,,,
Jeramy,Fraley,,,
Joseph,Thomas,,,
Walter,Karst,,,
Robert,Chambers,,,
Gilbert,Ellis,,,
Francis,Moye,,,
Cecil,Tyrrell,,,
Daniel,Rivera,,,
Will,Ballantyne,,,
Gabriel,Gonzalez,,,
Steven,Walraven,,,
Anthony,Wilson,,,
Bernard,Laffey,,,
William,Marshall,,,
Bill,Gordon,,,
Kevin,Hampton,,,
Derrick,Simpson,,,
Robert,Johansen,,,
David,Durham,,,
Raymond,Lavalley,,,
Jay,Johnson,,,
Hyman,Santana,,,
Edward,Murphy,,,
Will,Carpenter,,,
Michael,Pinkerton,,,
Robert,Ellis,,,
Arthur,Lindemann,,,
Gary,Clark,,,
Craig,Stafford,,,
Daniel,Thompson,,,
Anthony,Carroll,,,
Charles,Tyndall,,,
Terry,Wilson,,,
Michael,Jordan,,,
Steven,Castillo,,,
Darin,Lindsay,,,
Bryan,Hartzell,,,
Saul,Smith,,,
Tom,Miramontes,,,
David,Stephenson,,,
Pete,Kaczmarek,,,
Adam,Nielson,,,
John,Bail,,,
Edward,Sigler,,,
Charles,Jasmin,,,
Donald,Knight,,,
Arnold,Cowger,,,
Randall,Washburn,,,
Joshua,Glenn,,,
Steven,Simon,,,
Victor,Brooks,,,
William,Ashton,,,
Moises,Johnson,,,
Mark,Seeger,,,
Alex,Kirby,,,
John,Grieco,,,
James,Sims,,,
David,Carson,,,
Kenneth,Harris,,,
Darren,Davis,,,
Andrew,Dunphy,,,
Raul,Walsh,,,
Alex,Richardson,,,
John,Nader,,,
Clarence,Nelson,,,
Kim,Chmielewski,,,
Alex,Shealy,,,
Enrique,Titcomb,,,
Mark,Willard,,,
Christopher,Hough,,,
Fredrick,Joyner,,,
Shannon,Forrester,,,
Clifford,Jones,,,
Larry,Goodall,,,
Jonathan,Gould,,,
Norman,Bruning,,,
Chris,Cook,,,
Gregory,Davis,,,
Robert,Wills,,,
Paul,Peck,,,
William,Aguilar,,,
Bruce,Arreguin,,,
Charlie,Marvin,,,
Ronald,Mitchell,,,
David,Holton,,,
Anthony,Smith,,,
Marvin,Matranga,,,
Daniel,Bury,,,
Paul,Pettitt,,,
Paul,Gibson,,,
George,Dobbs,,,
Jeff,McKinsey,,,
John,Bittner,,,
Chi,Pacheco,,,
Roland,Green,,,
Bradley,Richardson,,,
Tom,Benson,,,
James,Cole,,,
Jonathan,Curry,,,
Frank,Strickland,,,
Fred,Click,,,
David,Cabral,,,
Bill,Shelton,,,
John,Littlejohn,,,
Paul,Owen,,,
Jeffrey,Martin,,,
Glenn,Wilkins,,,
Paul,Robinson,,,
Harold,Summerall,,,
James,Delaney,,,
Travis,Harris,,,
Corey,Johnson,,,
James,Wilson,,,
John,Adkins,,,
Gabriel,Ramirez,,,
Andrew,Council,,,
Donovan,Brown,,,
Richard,Feliciano,,,
Jerry,Muldoon,,,
Jeffrey,Taylor,,,
Dale,Kiser,,,
Homer,Hardin,,,
Guadalupe,Anderson,,,
Frank,Messmer,,,
Stephen,Roberts,,,
Tony,Uselton,,,
Matthew,Harless,,,
John,McClinton,,,
Michael,Cokley,,,
David,Smith,,,
Gordon,Valentine,,,
Sidney,Sheehan,,,
Forrest,Burgos,,,
John,James,,,
Edwin,Haywood,,,
Martin,Hallock,,,
Dorsey,Silva,,,
Robert,Twiggs,,,
William,Baxter,,,
Michael,Strickland,,,
Jeffrey,Haugen,,,
Hosea,Dunn,,,
Tim,Ball,,,
Colin,Mercer,,,
Keith,Frank,,,
Ryan,Pouliot,,,
Charles,Allen,,,
Jerald,Washington,,,
Kelvin,Mickel,,,
William,Williams,,,
Paul,McFarlin,,,
Christopher,Anderson,,,
Erik,Rios,,,
Matthew,Bagby,,,
Luis,Gibson,,,
James,Swenson,,,
David,Dowdy,,,
Felix,Philips,,,
John,Lovely,,,
Anthony,Scott,,,
David,Rogers,,,
William,Gray,,,
Francis,Sease,,,
James,Terry,,,
Reginald,Ellis,,,
Charles,Keener,,,
Bryan,Mejorado,,,
William,Davis,,,
Arthur,Hershberger,,,
William,Kindel,,,
Sylvester,Montoya,,,
Michael,Silva,,,
Stuart,Crader,,,
Kenneth,Astorga,,,
John,Jordan,,,
Richard,Delaney,,,
Thomas,Braud,,,
Steven,Silcox,,,
Allan,Parrish,,,
Chris,Stack,,,
Steve,Green,,,
Billy,Andrews,,,
Jody,Johnson,,,
Maria,Smith,,,
Karl,Wilham,,,
Dwayne,Gomez,,,
Robert,Meek,,,
Edward,Gambrell,,,
Michael,Duckett,,,
Justin,Brown,,,
Ronald,Leclerc,,,
Greg,McCall,,,
Lloyd,Mower,,,
David,Robb,,,
Darren,Collins,,,
Marcelo,Cole,,,
Carl,Heyward,,,
Ross,Winters,,,
James,Douglas,,,
Daniel,Jenkins,,,
Peter,Ducan,,,
Lloyd,Peterkin,,,
Walter,Rogers,,,
William,Marbury,,,
William,Lindsey,,,
Nicholas,Nicholson,,,
Andrew,Sheppard,,,
Craig,Harbert,,,
Larry,Benson,,,
Robert,Livengood,,,
Bradford,Hartung,,,
Derek,Calhoun,,,
George,Hawkins,,,
Edward,Bishop,,,
Randy,Catalan,,,
Robert,Johnson,,,
Darrell,Fernandez,,,
William,Folk,,,
Terrell,Taylor,,,
Christopher,Powers,,,
David,Olson,,,
Daniel,Torian,,,
Gerardo,Hughes,,,
Emilio,Sheely,,,
Dallas,Weaver,,,
Michael,Buteau,,,
Joseph,Mills,,,
Jesus,Albert,,,
Earl,King,,,
Allen,Jefferson,,,
John,Young,,,
Daniel,Loera,,,
Myron,Maddy,,,
Howard,Pena,,,
Robert,Woods,,,
Donald,Newby,,,
Joe,Smith,,,
Kenneth,Schaefer,,,
Michael,Curtis,,,
John,Lee,,,
Dan,Alonso,,,
Ray,Doyle,,,
Mark,Thompson,,,
Steve,Escobedo,,,
Juan,Marsh,,,
Andrew,Forbes,,,
Michael,Loeffler,,,
Sergio,Dye,,,
Garry,Barron,,,
Israel,Bergeron,,,
Thomas,Gutman,,,
Gerald,Guy,,,
James,Phillips,,,
Alton,McMurray,,,
Bobby,Hayes,,,
Herbert,Zuniga,,,
Stephen,Sellers,,,
Joel,Martin,,,
Lorenzo,Horne,,,
Vernon,Jackson,,,
Stephan,Dobbins,,,
Jeffrey,Huckins,,,
Francis,Denning,,,
Joseph,Erickson,,,
Samuel,Frost,,,
Stacey,Bailey,,,
Mark,Potter,,,
Timothy,Stockton,,,
Lawrence,Johnson,,,
Seymour,Gomez,,,
Lester,Williams,,,
James,Weese,,,
Michael,Dortch,,,
Eugene,Stahl,,,
Eugene,Powell,,,
James,Williams,,,
Christopher,Smyth,,,
Andre,Johnson,,,
Jason,Tartt,,,
Jerry,Skillman,,,
Earl,Chamberlain,,,
Felipe,Palmer,,,
Earl,Stiles,,,
Jack,Phillips,,,
Patrick,Priestley,,,
Jeff,Johnston,,,
Larry,McKinney,,,
Matthew,Kurtz,,,
Carlos,Jeppesen,,,
Mark,Wilson,,,
Floyd,Jerome,,,
Joe,Nunez,,,
Michael,Rangel,,,
Alexander,Nevius,,,
Timothy,Yates,,,
George,Boes,,,
Colin,Fulton,,,
Rocky,Sluss,,,
Tom,Connelly,,,
Richard,Lewandowski,,,
Michael,Cole,,,
Doug,Sheppard,,,
Michael,Long,,,
Billie,Bergmann,,,
Robert,Conn,,,
Michael,Numbers,,,
Jay,King,,,
Michael,Morgan,,,
Jesus,Hansen,,,
Charles,Clark,,,
William,Steward,,,
Lloyd,Steward,,,
Archie,Burleson,,,
Chad,Bryant,,,
Raymond,Fullerton,,,
Roy,Eads,,,
Rodrigo,Dinwiddie,,,
Hal,Hellman,,,
Henry,Thomas,,,
Deandre,Goudeau,,,
Matthew,Carnahan,,,
Anthony,Cook,,,
Ronnie,Samuels,,,
John,Hofmann,,,
Neil,Madsen,,,
Billy,Cole,,,
Ralph,Lance,,,
Kevin,Jacobs,,,
Gerald,McNeil,,,
Thomas,Silvers,,,
Robert,Harrison,,,
Mitchell,Quinones,,,
John,McMillan,,,
Michael,Madden,,,
Micheal,Dotson,,,
Michael,Fuller,,,
Carlos,Sadler,,,
Juan,Hernandez,,,
Thomas,Lopez,,,
David,Heath,,,
Michael,Lacour,,,
Troy,Miller,,,
Hubert,Sackett,,,
Richard,Morris,,,
Randall,Laurie,,,
Boyce,Hoover,,,
Angel,Simon,,,
Michael,Watson,,,
Robert,Healy,,,
William,Baker,,,
Elvis,Bell,,,
Steve,Church,,,
Sung,Wade,,,
Joseph,Shepard,,,
Horace,Miller,,,
Anthony,Burger,,,
James,Nelson,,,
Charles,Johnson,,,
William,Jones,,,
Jerry,Blackwell,,,
Erik,Daniel,,,
Joseph,Crowther,,,
Kevin,Bailey,,,
Gregory,Daniels,,,
Jimmy,Sowders,,,
Daniel,Purdie,,,
Mark,Harris,,,
Stephen,Welch,,,
Jesse,Robbins,,,
Kevin,Fritz,,,
Marvin,Wetzel,,,
Gregory,Stewart,,,
John,Martin,,,
Jessie,Lowe,,,
William,Nebel,,,
Barry,Hayes,,,
William,Walker,,,
Larry,Festa,,,
Adam,Herrin,,,
Marcus,Reulet,,,
Andrew,Leavell,,,
John,Allen,,,
Kevin,Szymanski,,,
Paul,Anderson,,,
Daniel,Baker,,,
Clyde,Bee,,,
Matthew,Stevens,,,
Brandon,Hite,,,
Mario,Roe,,,
John,Gall,,,
Lorenzo,Bean,,,
Kevin,Favors,,,
James,Forrest,,,
Scott,Kerr,,,
Chris,Harvey,,,
Eric,Colegrove,,,
George,Lynch,,,
Luis,Austin,,,
John,Patton,,,
Jared,Nielsen,,,
Bruce,Nakano,,,
Michael,Testa,,,
Clyde,Shifflett,,,
Mitch,Booker,,,
Andrew,Swinney,,,
Theodore,Finley,,,
Jeffery,Reese,,,
Orlando,Lively,,,
Clayton,Santos,,,
Brandon,Stephens,,,
Jeffrey,Pepper,,,
Manuel,Jackson,,,
Edward,Johnson,,,
Howard,Sanchez,,,
Anthony,Flint,,,
Charles,Yost,,,
Joseph,Richeson,,,
Austin,Vess,,,
Salvatore,Hunter,,,
Garrett,Black,,,
Billy,Wade,,,
Ronald,Denton,,,
Michael,Baker,,,
Elias,Nawrocki,,,
Jose,Banda,,,
William,Carpenter,,,
Clarence,Roa,,,
Nathan,Fischer,,,
James,Maldonado,,,
Edward,Washington,,,
Roger,Hurley,,,
Sidney,Beedle,,,
Donald,Williams,,,
Miguel,Sloan,,,
Christopher,Clemons,,,
Dennis,Bull,,,
Benjamin,Baker,,,
Michael,Green,,,
Brent,Scott,,,
John,Henderson,,,
Gary,Harvey,,,
Raymond,Leftwich,,,
Edmund,Crossman,,,
Samuel,Chapell,,,
Allen,Martinez,,,
James,Hamilton,,,
Adalberto,Lee,,,
Roberto,Hosmer,,,
John,Bowden,,,
Wayne,Kenyon,,,
Roy,Spencer,,,
Chad,Wainwright,,,
Michael,Adams,,,
Robert,Naquin,,,
Blake,Miller,,,
Larry,Cochran,,,
Walter,Schaefer,,,
Jeffrey,Johnson,,,
Clinton,Meyer,,,
Daniel,Alicea,,,
Joseph,Young,,,
Douglas,Spurlock,,,
John,Pierce,,,
Walter,Hirsch,,,
Ralph,Harrison,,,
James,Horak,,,
Robert,Ryan,,,
Billy,Craft,,,
Paul,Bedard,,,
Norman,Sampley,,,
Randy,Cook,,,
Roger,Dirks,,,
John,Bowes,,,
William,Johnson,,,
Robert,Ellis,,,
John,Francis,,,
Brian,Adams,,,
Terry,Gladstone,,,
George,Lee,,,
Steven,Jackson,,,
Billy,Meadows,,,
Matthew,Garceau,,,
Robert,Dwyer,,,
Kevin,Griffin,,,
Carol,Stevens,,,
Edward,Garten,,,
Martin,White,,,
James,Strayhorn,,,
Fred,Thornton,,,
Mario,Conner,,,
Richard,Humphrey,,,
Kevin,Ferrell,,,
Jeff,Loomis,,,
David,Rodgers,,,
Larry,Burnett,,,
John,Dellinger,,,
John,McPherson,,,
James,Bell,,,
Randy,Fuentes,,,
Willard,Brown,,,
Randy,Clough,,,
David,Hughes,,,
Robert,Williams,,,
Derek,Kinsman,,,
Thomas,Berry,,,
Matthew,Huffman,,,
Douglas,Farlow,,,
Robert,Leftwich,,,
Luis,Cannon,,,
Melvin,Healey,,,
David,Borden,,,
Robert,Garnes,,,
John,Bloch,,,
Carl,Terrell,,,
William,Mitchell,,,
William,Ganey,,,
Tim,Hartin,,,
Paul,Kelly,,,
Garry,Clark,,,
John,Sharp,,,
Marshall,Urbanek,,,
John,Carlson,,,
Jay,Germany,,,
James,Salazar,,,
Mark,Daniels,,,
Jerome,Cartwright,,,
Jeff,Madden,,,
Joseph,Scott,,,
Roger,Elizondo,,,
Leonard,Huang,,,
Lee,Haycraft,,,
Michael,Cook,,,
Billy,Thomas,,,
Willie,Herrera,,,
Buster,Small,,,
Steven,Sawyer,,,
Russell,Pellerin,,,
Raul,Costa,,,
Bernard,Hodges,,,
William,Gustin,,,
Nicholas,Cornish,,,
Michael,Cook,,,
Chad,Cole,,,
Todd,Davis,,,
Michael,Edge,,,
Jordon,Siders,,,
Austin,Crosby,,,
Scott,Flatt,,,
Peter,McKinney,,,
Nelson,Richards,,,
Theodore,Collins,,,
Thomas,Boer,,,
Adam,Burke,,,
David,Marcoux,,,
Wayne,Maier,,,
Cecil,Hughes,,,
Kenneth,Connolly,,,
Edgar,McCauley,,,
Rafael,Jones,,,
Howard,Powell,,,
Kurt,Strunk,,,
Harry,Otto,,,
Harry,Dominquez,,,
William,Stark,,,
Gary,Flowers,,,
Aron,Mitchell,,,
Christopher,Glover,,,
Richard,Jacobs,,,
Robert,Phillips,,,
Werner,Richardson,,,
William,Cottrell,,,
Matthew,Porter,,,
Duncan,Borchers,,,
Dwight,Stine,,,
Daniel,Herbert,,,
Bryan,Calvert,,,
David,Hester,,,
Robert,Mason,,,
Kerry,Coates,,,
Mark,Stenger,,,
Samuel,Riddle,,,
Peter,Powell,,,
Gary,Manning,,,
Scott,Bowman,,,
Johnie,Calder,,,
Louis,Snell,,,
Thomas,Lower,,,
Mark,Miller,,,
Patrick,Cron,,,
Matthew,Jones,,,
Jon,Simmons,,,
Ronald,Nash,,,
Larry,Gallardo,,,
David,Miller,,,
Jose,Ornelas,,,
Bryan,Brown,,,
James,Hendrix,,,
Ryan,Houston,,,
Terry,Shaffer,,,
Alvin,Hawkins,,,
Jacob,Sears,,,
Gary,Long,,,
Raymond,Fishel,,,
Wade,Santos,,,
Kenneth,Moberly,,,
David,Hunter,,,
Joshua,Bowens,,,
Darren,Burks,,,
John,Conde,,,
Frank,West,,,
Steve,Boettcher,,,
Kevin,Hagerman,,,
James,Larson,,,
Timothy,Espinosa,,,
William,Fasching,,,
Robert,Arciniega,,,
Roberto,Espino,,,
Christopher,Clements,,,
Adam,Poli,,,
Robert,Lay,,,
Raymond,Hendershot,,,
Brian,Rink,,,
Jerry,Klug,,,
Louis,Joyce,,,
William,Woods,,,
Luther,Richburg,,,
Dane,Barger,,,
Brian,Peele,,,
Rick,Obrien,,,
Anthony,Fontenot,,,
Larry,Dejesus,,,
Robin,Bocanegra,,,
Jose,Stanford,,,
James,Roberts,,,
Rodney,White,,,
Royce,Grigsby,,,
Lester,Ainsworth,,,
Jerry,Flannigan,,,
Roberto,Hubbard,,,
Michael,Burke,,,
Jose,Ryan,,,
Bradley,Franks,,,
Donald,Wilkerson,,,
Mark,Fink,,,
Andrew,Moss,,,
Adam,Key,,,
James,Silva,,,
Miguel,Gaines,,,
Stephen,Baskin,,,
Darren,Crowder,,,
Bobby,Bailey,,,
Ronald,Trujillo,,,
Alvin,Garrett,,,
Francisco,Brown,,,
Frank,Segura,,,
Samuel,Pruitt,,,
Alvin,Siebert,,,
Samuel,King,,,
Alberto,Fritsche,,,
Thomas,Fish,,,
Andrew,Twombly,,,
Ryan,Barton,,,
Marvin,Rivera,,,
Frederick,Rouse,,,
Kenneth,Chipman,,,
Seth,Ervin,,,
Bobby,Cowden,,,
James,Stovall,,,
Jonathan,Aultman,,,
Edmund,Owens,,,
Michael,Grover,,,
John,Harris,,,
Michael,Rodriguez,,,
Matthew,Bugbee,,,
Frank,Cummings,,,
Richard,Dennison,,,
Raymond,Shea,,,
Hugo,Cortez,,,
Kendrick,Luiz,,,
Fidel,Barnum,,,
Alfred,Prendergast,,,
Robert,Hedberg,,,
Brian,Krieger,,,
Sean,Johnson,,,
Stephan,Arrington,,,
William,Farmer,,,
Clayton,Cody,,,
William,McPhee,,,
Billy,Nichols,,,
Troy,Ramos,,,
George,Head,,,
Jacob,Ford,,,
Dwight,Brooks,,,
Isiah,Becker,,,
Alex,Murray,,,
Jason,Strickland,,,
Francisco,Hicks,,,
Eugene,Gutierrez,,,
Mike,Devane,,,
James,Clough,,,
Glenn,Kopf,,,
Peter,Williams,,,
Vernon,Day,,,
Alan,Barnes,,,
John,Rodriguez,,,
Robert,Prado,,,
Sammy,Carter,,,
Paul,Olson,,,
Charles,Hartman,,,
William,Shephard,,,
Douglas,Smith,,,
John,Heckel,,,
Gerald,Givens,,,
James,Smith,,,
Gary,Scruggs,,,
Floyd,Dent,,,
Donald,Ford,,,
Troy,Johnson,,,
Steve,Watson,,,
Daniel,Silva,,,
Everett,Willett,,,
Gene,Cordova,,,
Kenneth,Jones,,,
David,Wiley,,,
Joel,Chase,,,
Michael,Case,,,
James,Salvador,,,
Leonard,Coakley,,,
Dennis,Danner,,,
Miguel,Yu,,,
John,Williamson,,,
Robert,Goode,,,
David,Page,,,
Larry,White,,,
David,Peterson,,,
Gerald,Garrison,,,
Alejandro,Smith,,,
John,Johnson,,,
Aubrey,Hardin,,,
Ryan,Alexander,,,
Jose,Warner,,,
Earl,Hall,,,
Terry,Hudson,,,
Darrell,Warren,,,
Joseph,Smith,,,
William,Schumann,,,
Calvin,Neville,,,
Edward,King,,,
James,Santos,,,
John,Rigsby,,,
Craig,Maeda,,,
John,Everett,,,
Edward,Bui,,,
Christopher,Hernandez,,,
Samuel,Armstrong,,,
John,Banks,,,
Daniel,Harvey,,,
Charles,Solomon,,,
Irving,Meyer,,,
Richard,Nichols,,,
Michael,Kimes,,,
Nicolas,Cardona,,,
Matthew,Kemp,,,
Fred,Weintraub,,,
James,Stenger,,,
Bradford,Hawkins,,,
Christopher,Kelley,,,
Anthony,McCollom,,,
Joel,Key,,,
Marcelino,Horner,,,
Randall,Ray,,,
Myles,Cassell,,,
Ollie,Hiller,,,
James,You,,,
Clifford,Estes,,,
Roman,Chesser,,,
John,Sanchez,,,
Benjamin,Jackson,,,
Allen,Miller,,,
Juan,Boyd,,,
Christian,Dement,,,
James,Samuelson,,,
Larry,Addison,,,
Patrick,Coffey,,,
John,McKown,,,
Christian,Johnson,,,
Julio,Mello,,,
James,Mares,,,
Norman,Merkel,,,
Ruben,Leaks,,,
James,Brown,,,
Randal,Triggs,,,
Warren,Martinez,,,
Adolfo,Jimenez,,,
Jeff,Grams,,,
Philip,Ramirez,,,
Bruce,Walker,,,
Wyatt,Minch,,,
Tracey,Dunkley,,,
Timothy,Plotkin,,,
Glenn,Erwin,,,
Ben,Hove,,,
Charles,Smith,,,
Joseph,Moore,,,
Ray,Borrelli,,,
Bernard,Baca,,,
Joseph,Carolan,,,
David,Thomas,,,
Jimmy,Riley,,,
Robert,Walker,,,
Kelly,Swartz,,,
Gary,Pace,,,
Tom,Marks,,,
Brian,Jackson,,,
Larry,Foley,,,
Manuel,Phillips,,,
Peter,Lee,,,
Maurice,Heath,,,
Matthew,Lovell,,,
Bradley,Reynolds,,,
Earle,Carrion,,,
Gerald,Nez,,,
James,Godwin,,,
Norman,Ruiz,,,
Lee,Gonzales,,,
Ronald,Crowley,,,
John,Gutierrez,,,
John,Clay,,,
Christopher,Crooks,,,
Mike,Post,,,
Clinton,Davis,,,
James,Weber,,,
David,Pope,,,
Daniel,Bilyeu,,,
George,Butler,,,
Derek,Kennedy,,,
Steven,Schulman,,,
Francisco,Jackson,,,
Franklin,Sharp,,,
James,Mair,,,
Harold,Foreman,,,
Theodore,Fagin,,,
Daniel,Stephenson,,,
Ronald,Young,,,
Stanley,Johnson,,,
Frank,Clark,,,
Howard,Streicher,,,
Nicholas,Montemayor,,,
Travis,Carter,,,
William,Garza,,,
Thomas,Powell,,,
Jay,Ivey,,,
Daniel,Jacobsen,,,
Terry,Simmons,,,
Jerry,Turner,,,
Johnathan,Robinson,,,
Jeffrey,Brown,,,
Claude,Perez,,,
Patrick,Baldwin,,,
Donald,Lee,,,
Edward,Beck,,,
Martin,Rogers,,,
Edward,Warren,,,
Raymond,Gallop,,,
Lawrence,Kushner,,,
Samuel,Poche,,,
Robert,Rodriguez,,,
Jack,Pierson,,,
William,Wilkinson,,,
Jim,Heilman,,,
Allan,Palmer,,,
Carol,Henley,,,
Kenneth,Enriquez,,,
Samuel,Marshall,,,
Phillip,Poulson,,,
Derek,Cook,,,
Donald,Elkins,,,
Donald,Thomas,,,
Rodney,McMillan,,,
Bobby,McDonald,,,
Michael,Akin,,,
Ronald,Molyneux,,,
Mark,Crews,,,
Jimmy,Morris,,,
Guy,Porter,,,
Justin,Walker,,,
Roy,French,,,
Victor,Jackson,,,
Milton,Poirier,,,
Joshua,Heard,,,
Eric,Clarke,,,
Duane,Adams,,,
Samuel,Trembley,,,
Ronny,Sims,,,
Raul,Wilkey,,,
Danny,Price,,,
Matthew,Swofford,,,
Jeffrey,Yarbrough,,,
Michael,May,,,
Karl,Solorio,,,
Victor,Griffin,,,
Timothy,Tucker,,,
Donald,Dierking,,,
Trevor,Quintero,,,
Harry,Corley,,,
Thomas,Benally,,,
Mark,Guzman,,,
Jason,Hildebrand,,,
Michael,Miller,,,
John,Brunette,,,
Howard,Alvarado,,,
Roy,Hitchcock,,,
Robert,Davis,,,
Samuel,Condon,,,
John,Rice,,,
William,Curry,,,
Lester,Adams,,,
Timothy,Myers,,,
Kevin,Potts,,,
Salvatore,You,,,
James,Molina,,,
William,Watts,,,
Samuel,Thomas,,,
Derick,Reed,,,
Paul,Tyson,,,
John,King,,,
George,Adams,,,
James,Mays,,,
Daniel,Vazquez,,,
David,Gustafson,,,
Michael,Cullen,,,
Charles,Schantz,,,
Robert,Johnson,,,
Matthew,Smith,,,
Leo,Frost,,,
Richard,Roberts,,,
Cesar,Burns,,,
Dale,Champion,,,
Brad,Zinn,,,
George,Valdez,,,
Eric,Wilson,,,
Terry,Hart,,,
Andrew,Loaiza,,,
David,Carr,,,
Peter,Friedlander,,,
Terry,Davis,,,
Nestor,Terry,,,
Joseph,Tucker,,,
Salvador,Graves,,,
Michael,Jackson,,,
James,Carson,,,
James,Russell,,,
Earl,Cooper,,,
Derek,Johnson,,,
Christopher,McGehee,,,
Albert,Snowden,,,
Bryan,Bruce,,,
Alan,Westover,,,
Carl,Diaz,,,
Douglas,Cook,,,
Derrick,Glidewell,,,
Jerry,Jacobs,,,
Perry,Barnes,,,
Frank,Shaw,,,
Charlie,Trombley,,,
Bill,Lampley,,,
Willie,Haley,,,
James,Leff,,,
Tony,Edwards,,,
Rodney,Germann,,,
Adolph,Lott,,,
Kelly,Fowler,,,
Melvin,Vanderhoff,,,
Lewis,Jewell,,,
Joe,Ramsay,,,
Bernard,Grant,,,
Bill,Owens,,,
Marvin,Hodge,,,
Jonathan,Mireles,,,
Gary,Hildebrand,,,
James,Heyman,,,
Ralph,Anderson,,,
Nicholas,Chace,,,
Manuel,Chamberlain,,,
Kevin,Flores,,,
Henry,Stephens,,,
Ronald,Irby,,,
Sam,Hutchinson,,,
Karl,Dowdle,,,
Alfred,Tomlinson,,,
Matthew,Gossard,,,
Roger,Smith,,,
Bradley,Espinosa,,,
Joseph,Sanders,,,
Thomas,Wilfong,,,
Robert,Eldridge,,,
Daniel,Francisco,,,
Robert,Hall,,,
Kenneth,Prieto,,,
Santiago,Gabbard,,,
Willie,Ward,,,
Joshua,Short,,,
James,Alford,,,
Jason,Derrick,,,
Ralph,Rascoe,,,
Roy,Vanhoose,,,
Jimmy,Bright,,,
Jose,Miller,,,
Clark,McGrail,,,
Patrick,Sanchez,,,
Robert,Armstrong,,,
Milford,Boylan,,,
Thomas,Rasmussen,,,
John,Morlan,,,
Jay,Hardin,,,
Donald,Davis,,,
James,Gibson,,,
Anthony,Gonzalez,,,
Tony,Hopwood,,,
Terry,Strickland,,,
Duane,Harmon,,,
Micheal,Oldfield,,,
Jerome,Murphy,,,
Robert,Henderson,,,
Jerry,Hood,,,
David,Graves,,,
John,Graham,,,
David,King,,,
William,Soileau,,,
Bruce,Mize,,,
Scott,Peacock,,,
James,Vaughan,,,
Gary,Proto,,,
George,Young,,,
Tim,Bentley,,,
Lee,Hale,,,
Oren,Perri,,,
Jose,Collins,,,
Edward,Beaver,,,
Kevin,Campbell,,,
Myron,Hopkins,,,
John,Fraser,,,
Bernard,Roberts,,,
Michael,Marshall,,,
William,Crossman,,,
Keith,Griffis,,,
Martin,Rosales,,,
Lamar,Sylvestre,,,
Kevin,Edwards,,,
John,Parks,,,
Jimmie,Rogers,,,
Ron,Childress,,,
Kenneth,Poole,,,
Tom,Arp,,,
John,Meyers,,,
Tony,Li,,,
Joseph,Gates,,,
Joseph,Parrott,,,
Robert,Pinson,,,
Donald,Nelson,,,
Oscar,Cooper,,,
Ralph,Macias,,,
Robert,Fraley,,,
Edward,Sanchez,,,
Charles,Colon,,,
Tom,Vandermark,,,
Norberto,Harrison,,,
Robert,Robledo,,,
Joel,Black,,,
Calvin,Brogan,,,
Justin,Wilson,,,
Gary,Stucker,,,
Richard,Ellison,,,
Jesse,Walters,,,
Raymond,Hoover,,,
Paul,Christensen,,,
Duncan,Franks,,,
Matthew,McCracken,,,
William,Salerno,,,
Michael,Mendoza,,,
Robert,Rucker,,,
Raymond,Williams,,,
Willie,Devault,,,
Frank,Beck,,,
Ralph,Vanhoose,,,
Harry,Galvez,,,
Ronald,Tong,,,
Steve,Tan,,,
Craig,White,,,
Matthew,Monson,,,
Alan,Houck,,,
Michael,Rodriguez,,,
Marcelino,Davis,,,
Andy,Berman,,,
James,Rheaume,,,
Adrian,Lopez,,,
Paul,Alvarez,,,
Casey,Rutherford,,,
Donald,Baker,,,
David,Smith,,,
Elmer,Ricci,,,
David,Sattler,,,
Harvey,Pearce,,,
Robert,Rivera,,,
Howard,Fernandes,,,
Duane,Rasmussen,,,
Robert,Shultz,,,
Craig,Alford,,,
Thomas,Cook,,,
Ricardo,Gray,,,
Keith,Cottle,,,
Michael,Johnson,,,
Jonathan,Griswold,,,
Ray,Harris,,,
Gary,Wilson,,,
Alvin,Noble,,,
Kenneth,Clark,,,
Carl,Robinson,,,
Marshall,Bottoms,,,
Jeffrey,Brantley,,,
Albert,Holden,,,
Raymond,Fleming,,,
Clinton,Murray,,,
Marc,East,,,
Anthony,Lee,,,
David,Miller,,,
Thomas,Cunningham,,,
Richard,Wilson,,,
Wilbur,Riddle,,,
Albert,Wilhoite,,,
Antonio,Eastin,,,
Erik,Boger,,,
John,Holt,,,
Edward,Reder,,,
Joel,Tengan,,,
Robert,Dotson,,,
Travis,Hallum,,,
Ronnie,Hewitt,,,
Walter,Pender,,,
Raymond,Clinton,,,
Edward,Poor,,,
Charles,Perez,,,
Louis,Roden,,,
Francisco,Smith,,,
William,Magee,,,
Joseph,Cox,,,
Raymond,Kennedy,,,
Martin,Leonard,,,
Eddy,Cook,,,
Randy,Anderson,,,
Adam,White,,,
Lee,Watson,,,
Charles,Higgins,,,
John,Kaufman,,,
Brian,Brannon,,,
Michael,Kennedy,,,
Stephen,Fraizer,,,
Charles,Greene,,,
Jonathan,Coleman,,,
David,Kennedy,,,
Granville,Thomas,,,
Joseph,Anderson,,,
Steven,Garcia,,,
Henry,Harris,,,
Richard,Sifford,,,
Harvey,Messenger,,,
Donald,Bailey,,,
Victor,Harris,,,
Ralph,Davis,,,
Eugene,Rogers,,,
Gregory,Gile,,,
Dale,Jimenez,,,
Jon,McDonald,,,
Junior,Stalder,,,
Albert,Whitlock,,,
Zachary,Dillman,,,
Stanley,McLeod,,,
Andrew,Cohen,,,
Kirk,Otter,,,
Anthony,Ezzell,,,
Paul,Vasquez,,,
Gerardo,Simmons,,,
Tommy,Shoults,,,
Adam,Knapp,,,
Davis,Mack,,,
Gary,Ross,,,
Ricky,Gilman,,,
James,Beauvais,,,
Roger,Osborne,,,
Michael,Kelley,,,
Roberto,McClure,,,
John,Early,,,
Juan,Perez,,,
Lloyd,Arnold,,,
Ron,Jenkins,,,
Chris,Tipps,,,
David,Saldana,,,
Daryl,Hutson,,,
George,Burkhart,,,
Paul,Randall,,,
Neal,Hewitt,,,
Ivan,Farris,,,
John,Marsh,,,
John,Hooper,,,
James,Jones,,,
Joseph,Bain,,,
Douglas,Maddox,,,
Charles,Zuniga,,,
Ricardo,Shabazz,,,
Lonnie,Herndon,,,
David,Miller,,,
Mark,Purvis,,,
Henry,Ibarra,,,
Gary,Valentine,,,
Darrell,Walker,,,
Scott,Mapes,,,
Michael,Taylor,,,
Erik,Goad,,,
Anthony,Beach,,,
Mario,Snow,,,
Michael,Agarwal,,,
Genaro,Lavallee,,,
Jose,Lane,,,
Curtis,Holder,,,
Ronald,Studdard,,,
Arthur,McDaniels,,,
Lino,Payne,,,
Timothy,Newsome,,,
Derrick,Williams,,,
Avery,Vaughn,,,
Bret,Allen,,,
Isaiah,Pulliam,,,
Daniel,Ford,,,
Donnie,Fernandes,,,
Donnie,Tucker,,,
Edward,Ledford,,,
Frank,Glover,,,
Don,Denton,,,
James,Terry,,,
Clark,Sullivan,,,
Richard,Samples,,,
Ernest,Plowman,,,
Ricky,Griggs,,,
Christopher,O'Connor,,,
Douglas,Reiter,,,
John,Robinson,,,
Jason,Albright,,,
Les,Chavez,,,
Edmond,Scott,,,
John,Washington,,,
Carl,Oliver,,,
Mike,Lacasse,,,
Richard,Wadsworth,,,
Fred,Michaels,,,
Timothy,Perkins,,,
Timothy,Mundy,,,
James,Richmond,,,
Virgil,Johnson,,,
Jason,Ortiz,,,
Dustin,Woods,,,
Greg,McMahon,,,
Justin,Batres,,,
Christopher,Kang,,,
Nicholas,Alley,,,
Melvin,George,,,
Charles,Forrest,,,
Kevin,Ledbetter,,,
John,Foster,,,
Robert,Meredith,,,
Leo,Babb,,,
Jonathan,Matteson,,,
Jeremy,Freeman,,,
Ernest,Durant,,,
Michael,Cornelius,,,
Omar,Alexander,,,
Jimmy,Foote,,,
Matthew,Davis,,,
Wesley,Butcher,,,
Darius,Guthrie,,,
Clarence,Foutz,,,
Daniel,Kemp,,,
Beau,Collins,,,
Lloyd,Howell,,,
Lawrence,Butterworth,,,
William,Williamson,,,
Garland,Tarin,,,
Thomas,Cruz,,,
Leslie,Burrell,,,
Richard,King,,,
Norman,Waterman,,,
Terrance,Taylor,,,
Kareem,McMillan,,,
Dwain,Forsythe,,,
Richard,Mitchell,,,
Thomas,Pick,,,
Scott,Obrien,,,
Michael,Leonard,,,
Felix,Jamison,,,
Matthew,Rey,,,
Sergio,Lance,,,
Nick,Burns,,,
Edwin,Silvester,,,
Terrence,Smith,,,
Jose,Page,,,
Mark,Pittman,,,
Kyle,Tarango,,,
Reginald,Hayes,,,
Simon,Huffman,,,
Eugene,Kile,,,
Nathan,Steeves,,,
Albert,Kanode,,,
Richard,Conley,,,
Jack,Bramlett,,,
Kenneth,Biggs,,,
Carlos,Wightman,,,
James,Hogan,,,
Jason,Staples,,,
Arthur,Cooper,,,
Devin,Bryan,,,
Ernest,Robert,,,
Travis,Evans,,,
Jeremy,Hoang,,,
Jeff,Coley,,,
Victor,Beck,,,
Anthony,Dummer,,,
Herschel,Wallace,,,
Frank,Romero,,,
Mark,Livermore,,,
Justin,Marino,,,
Sean,Good,,,
Dwight,Turner,,,
Denver,Smith,,,
Steve,Taylor,,,
Richard,Bohannon,,,
Jonathan,Ellard,,,
Cedric,Binette,,,
Walter,Wilbourn,,,
Edward,Fast,,,
Henry,Gay,,,
Chris,Stephens,,,
Brock,Howse,,,
Chris,Burke,,,
Mark,Phillips,,,
Jose,Gwaltney,,,
Derek,Lang,,,
Thomas,Pryor,,,
John,Tyler,,,
Troy,Harrell,,,
Daryl,Zander,,,
Joseph,Boren,,,
Tom,Chaney,,,
Johnny,Kirk,,,
Lawrence,Evans,,,
John,Weyant,,,
Michael,Allen,,,
Johnnie,Carpenter,,,
Eugene,Sullivan,,,
Matthew,Downing,,,
David,Rodarte,,,
William,Hammonds,,,
Howard,Gardner,,,
John,Couch,,,
Dan,Ewing,,,
Cory,Pigg,,,
James,Herr,,,
Cornelius,Finn,,,
Charles,Christopher,,,
Theodore,Schultz,,,
Steven,Love,,,
Philip,Finch,,,
Robbie,Kramer,,,
Forrest,Randle,,,
Dwayne,McAllister,,,
Charles,Steller,,,
Son,Guzman,,,
Maynard,Hill,,,
Terrence,Perry,,,
Ricky,Taylor,,,
Robert,Tapia,,,
Michael,Chamberlain,,,
Jose,Montgomery,,,
Wayne,Carter,,,
Gary,Goodwin,,,
Eric,Golden,,,
Miguel,Leavell,,,
Charles,Butler,,,
Norman,Carter,,,
Louis,Schultz,,,
Floyd,Crowley,,,
Karl,Torres,,,
Juan,Suggs,,,
Stephen,Forehand,,,
James,Hughes,,,
Victor,Hein,,,
Edward,Berryhill,,,
James,Whetzel,,,
Tom,Baker,,,
Charlie,Crocker,,,
George,Stark,,,
William,Albanese,,,
James,Richardson,,,
Alec,Phifer,,,
James,Burns,,,
Richard,Phipps,,,
Thurman,Smith,,,
Daniel,McGee,,,
Timothy,Franklin,,,
Woodrow,Anderson,,,
Robert,Rock,,,
Louis,Hooser,,,
Michael,Walker,,,
Russell,Tower,,,
Roland,Warren,,,
Stephen,Degen,,,
Roger,Spencer,,,
Jeffery,Davis,,,
Ian,Turley,,,
Sam,Gamble,,,
Alexander,Walters,,,
Douglas,Meister,,,
Jorge,Rodriguez,,,
John,McKee,,,
Cruz,Holliday,,,
Allen,Pierce,,,
Evan,McCann,,,
Ronald,Ramirez,,,
Malcolm,Collins,,,
Kenneth,Stamper,,,
Gary,Busick,,,
Alex,Jones,,,
David,Jones,,,
Robert,Eells,,,
Michael,Allen,,,
Andre,Sublett,,,
Roger,Kale,,,
Jose,Marcus,,,
John,Turner,,,
Jessie,Carmichael,,,
Richard,Steve,,,
Kenneth,Knowles,,,
Christopher,Oswald,,,
John,Valdez,,,
Andre,Kuhn,,,
Jose,McGee,,,
Eugene,Goodwyn,,,
Christopher,Foss,,,
Charles,Stehle,,,
Tracy,Roberts,,,
Robert,Martin,,,
Luis,Mickelsen,,,
Robert,O'Brian,,,
Roy,Lawson,,,
John,England,,,
Bill,Tores,,,
Robert,Spivey,,,
Thomas,Allen,,,
Mark,Roberts,,,
Paul,Linzy,,,
George,Osuna,,,
Sherman,Romero,,,
Todd,Stevens,,,
Gary,Marcano,,,
James,Cormier,,,
George,Brown,,,
Rodney,Carr,,,
Antonio,Bailey,,,
Richard,Davis,,,
Richard,Allen,,,
David,Molina,,,
Lon,Buendia,,,
Patrick,Bish,,,
Steve,Keaton,,,
Andy,Texeira,,,
Malcom,Kellerman,,,
Daniel,Jones,,,
Dustin,Ramsey,,,
Bruce,Young,,,
Thomas,Porter,,,
Chris,Howard,,,
Jeff,Savage,,,
Micheal,Jackson,,,
Gerald,Jones,,,
Carlos,Mitchell,,,
John,Farmer,,,
Derek,Reid,,,
Mark,Clevenger,,,
David,Harris,,,
David,Cox,,,
Warren,Farnsworth,,,
Robert,Rankins,,,
Chauncey,Clay,,,
Richard,Snyder,,,
Roy,Shirley,,,
Daryl,Villarreal,,,
Paul,Toler,,,
Glenn,Arnold,,,
Clayton,Donohue,,,
John,Campbell,,,
David,Carmon,,,
Harold,Stokes,,,
Edward,Thomas,,,
Mark,Vitiello,,,
James,Cummings,,,
Patrick,Ruggerio,,,
Allen,Smith,,,
Marcos,Tarin,,,
Jamie,Cunningham,,,
Phillip,Craig,,,
Billy,Maddux,,,
Dustin,Dilworth,,,
David,Hartman,,,
John,Place,,,
James,Rich,,,
Dennis,Engelbrecht,,,
Gary,Stickland,,,
Charles,Clark,,,
Isidro,Walters,,,
Randall,Trujillo,,,
Stephen,Thompson,,,
Curtis,Major,,,
Robert,Hamada,,,
Steve,Avery,,,
Dean,Dukes,,,
Jason,Cassidy,,,
Robert,Bishop,,,
Jorge,McIntyre,,,
Derek,Engleman,,,
Leland,Hughes,,,
John,Norton,,,
Derek,Glaze,,,
Ruben,Strickland,,,
John,Beall,,,
James,Cantor,,,
Rudy,Beeler,,,
Joe,Griffin,,,
Ramiro,Quarles,,,
Joshua,Benites,,,
John,Moreland,,,
Michael,Jeffries,,,
Donald,Olivares,,,
Terrance,Pierce,,,
Micheal,Payne,,,
Charles,Johnson,,,
Warren,Truax,,,
Warren,Banks,,,
John,Lew,,,
Mark,Stewart,,,
Cyrus,Causey,,,
John,Rubin,,,
Tony,Key,,,
Nathan,Laurence,,,
Robert,Arce,,,
John,Monette,,,
Rudolph,Harris,,,
Edwin,Bolton,,,
George,Diggs,,,
Matthew,Walden,,,
James,Dugan,,,
Walter,Elliott,,,
William,Marceau,,,
Kyle,Poteet,,,
Michael,Givens,,,
Robert,Galli,,,
Terrance,Maynard,,,
Carroll,Baxter,,,
James,McDonald,,,
Eric,Hensley,,,
Jeremy,Turley,,,
Donald,Jones,,,
Sean,Weis,,,
Darren,Perrault,,,
John,Brown,,,
Kyle,McCary,,,
Jeffrey,Grubb,,,
Christopher,Wolfram,,,
Robert,Bauer,,,
Michael,Kelly,,,
Alexander,Cable,,,
Eddie,Galaz,,,
Robert,Gibbons,,,
Ralph,Valle,,,
Dale,Marks,,,
John,Stoltz,,,
Ernest,Schwager,,,
Douglas,Coffee,,,
Joel,Lewis,,,
Jeremy,Hannah,,,
Charles,Chester,,,
Rogelio,Donohue,,,
James,Fletcher,,,
Larry,Boyle,,,
Thomas,Cox,,,
Alexander,Park,,,
Richard,Whiteman,,,
Alexander,Nelson,,,
Sol,Forbes,,,
William,Derrick,,,
John,Howard,,,
Alvin,Smitherman,,,
Adolph,Bennett,,,
Richard,Huse,,,
Israel,Macon,,,
Robert,Bond,,,
Robert,Ridley,,,
Adam,Santacruz,,,
Robert,Johnson,,,
Lester,Bryant,,,
Dale,Thomas,,,
Efrain,Zanders,,,
George,Rolon,,,
Eddie,Santana,,,
Mark,Christensen,,,
Eugene,Davis,,,
Micheal,Brown,,,
Steven,Corcoran,,,
Gary,Salazar,,,
Johnny,Brown,,,
William,Hall,,,
Jeffery,Stewart,,,
Manuel,Salmeron,,,
Alan,Tomczak,,,
Carl,Hill,,,
Robert,Staton,,,
Gary,Bryant,,,
Daryl,King,,,
Scott,Goad,,,
William,Stinnett,,,
Wm,Jackson,,,
Raymond,Fry,,,
Henry,Carder,,,
Jeremiah,Godbout,,,
Marvin,Gunnell,,,
Ronald,Robertson,,,
Leon,Brown,,,
Sherman,Youmans,,,
Jesus,Turner,,,
Paul,Noel,,,
Kevin,Evans,,,
Jonathan,Baker,,,
Bobby,Beeman,,,
Cody,Mohan,,,
Patrick,Petrus,,,
Donald,Sanchez,,,
Shannon,Overcash,,,
Kenneth,Johansson,,,
Derrick,Roye,,,
Christopher,Bennett,,,
Jerry,Jones,,,
Billy,Grate,,,
Calvin,Guzman,,,
David,Jones,,,
Roy,Zepeda,,,
Allen,Kelly,,,
Harley,Sanders,,,
Jerry,Walker,,,
Jim,Riley,,,
Daniel,Shively,,,
Richard,Skoog,,,
Scott,Burden,,,
Peter,Danielson,,,
Robert,Dorsey,,,
William,Swofford,,,
Norman,Battista,,,
Charles,Melendez,,,
Walter,Radcliff,,,
George,Hall,,,
David,Luu,,,
Lance,Chacko,,,
Daniel,Lampe,,,
David,Russell,,,
Norman,Dales,,,
Roy,Shaul,,,
Peter,Waddle,,,
Peter,Brown,,,
Peter,Singletary,,,
Pete,Ball,,,
William,Shockley,,,
Samuel,Clarke,,,
Scott,Taylor,,,
Billy,Peoples,,,
Phillip,Howard,,,
Robert,Maupin,,,
Andrew,Thayer,,,
Troy,Toler,,,
Richard,Blackburn,,,
Michael,Hansell,,,
Joey,Bueno,,,
Tony,McCormick,,,
Henry,Johnson,,,
Donald,Ulloa,,,
Dirk,Andrews,,,
Jonathan,West,,,
Brian,Lopez,,,
Norman,Alsup,,,
Thomas,Sipes,,,
Robert,Jones,,,
Sidney,Shive,,,
Daryl,Fisher,,,
Paul,Curran,,,
Omar,Chamberlain,,,
Anthony,Miller,,,
Michael,William,,,
Walter,Potter,,,
Harry,Lopp,,,
Christopher,Miller,,,
James,Moss,,,
Frank,Hart,,,
Shane,Conrad,,,
Jackie,Drennan,,,
Chad,Seals,,,
John,Norman,,,
Forrest,Davis,,,
Derek,Baker,,,
Shane,Shanahan,,,
Clint,Hall,,,
Dale,Chung,,,
Luis,Daugherty,,,
Matthew,Hartman,,,
Stuart,Cooper,,,
James,Feld,,,
Brandon,Wilson,,,
Laurence,Swindler,,,
Miguel,Vega,,,
David,Williams,,,
Robert,Daniel,,,
Andrew,Pilcher,,,
Lawrence,Hill,,,
Matthew,Wright,,,
Kurt,Queen,,,
Joseph,Sanders,,,
Mark,Wilson,,,
John,Kirkpatrick,,,
Patrick,Rosales,,,
Wayne,Metcalf,,,
Joseph,Wells,,,
Andres,Hyden,,,
James,Lara,,,
Fabian,Nordstrom,,,
Paul,McKnight,,,
Casey,Broaddus,,,
Kevin,Severt,,,
Jonathan,Logue,,,
William,Byrd,,,
Armando,Baron,,,
Michael,Anton,,,
Tom,Boone,,,
Ray,Cruz,,,
James,Mack,,,
Walter,Chin,,,
Darnell,Sayre,,,
Greg,Schumacher,,,
Douglas,Aleman,,,
Edwin,Rigsby,,,
William,Brecht,,,
Brandon,Graham,,,
Tommy,Acuna,,,
Jeffery,Hathaway,,,
Jose,Render,,,
James,Parrish,,,
Joseph,Held,,,
Timothy,Joyce,,,
Craig,Buff,,,
Kevin,Mueller,,,
Dale,Amaral,,,
Chris,Swink,,,
Victor,Bennett,,,
Jose,Young,,,
Jimmy,Miller,,,
Juan,Barbour,,,
George,Waldron,,,
Donald,Johnson,,,
Harold,Banker,,,
John,Gibson,,,
David,Carlin,,,
Michael,Anderson,,,
Jackie,Albright,,,
Glen,Crawford,,,
James,Best,,,
Hunter,Evans,,,
Victor,Heng,,,
John,Flanagan,,,
Craig,Ford,,,
Jackie,Cunningham,,,
Jon,Lewin,,,
David,Meyer,,,
Joseph,Lee,,,
Irvin,Ingram,,,
Stephen,Johnson,,,
Reginald,Guyton,,,
Tomas,Irizarry,,,
James,Hopson,,,
Brian,Greene,,,
Steven,McKinney,,,
Thomas,Bailey,,,
Gary,Lira,,,
Charles,Lombardo,,,
Luis,Wiseman,,,
John,Lefkowitz,,,
Emil,Winningham,,,
Israel,Riner,,,
Billy,Nelson,,,
Harold,Criss,,,
Steven,McCrea,,,
Howard,Moore,,,
William,Perkinson,,,
Steven,Morgan,,,
Brandon,Allen,,,
Robert,Patti,,,
Ronald,Rowan,,,
Steven,Flores,,,
Ronald,Hatchett,,,
Dwight,Dale,,,
Ray,Whitley,,,
Jeffrey,Tolman,,,
Charles,Thomas,,,
Dan,Shelton,,,
Raymond,Baker,,,
Bradley,Gonzalez,,,
Rodney,Whitten,,,
Mario,Edwards,,,
Charles,Odum,,,
Scott,Jeppesen,,,
Sammy,Meier,,,
Daniel,Martin,,,
Lorenzo,Harden,,,
Alexander,Perez,,,
Bradford,Burden,,,
George,Walker,,,
Amos,Ellington,,,
Nicholas,Preston,,,
Patrick,Urbina,,,
Steven,Hamilton,,,
Jaime,Riley,,,
Thomas,Manges,,,
Duane,Sheehan,,,
Billy,Boger,,,
Jeffrey,Biggs,,,
Christopher,Davis,,,
Jack,Long,,,
Larry,Jenkins,,,
Rusty,Yates,,,
Mark,Henderson,,,
David,Winder,,,
Chris,Seals,,,
Frank,Morton,,,
Christopher,King,,,
Dwayne,Benton,,,
Louis,Zimmerman,,,
William,Garza,,,
Charles,Calderon,,,
Howard,Hollinger,,,
Jason,Tinkham,,,
Anthony,McKinsey,,,
Sean,Risner,,,
Michael,Wilkins,,,
John,Haught,,,
Mike,Kelly,,,
David,Robinson,,,
Wilbur,Hall,,,
Alex,Griffin,,,
David,Martinez,,,
Clifford,Lane,,,
Michael,Newton,,,
Joseph,Johnson,,,
James,Lewis,,,
Robert,Brown,,,
Tyron,Eades,,,
Daniel,Allen,,,
Larry,Grant,,,
Douglas,Carter,,,
Quentin,Edwards,,,
Raymond,Flint,,,
John,Ackerman,,,
Terrell,Santana,,,
Eduardo,Smith,,,
Jesus,Mullings,,,
Cory,Miller,,,
Karl,Legg,,,
Warren,Colman,,,
Harry,Buchanan,,,
Forrest,Morejon,,,
Dean,Clay,,,
Rick,Oneal,,,
Alfred,Armstrong,,,
Kevin,Johnston,,,
Joshua,Fusco,,,
Thomas,Nickerson,,,
Robert,Hines,,,
Arthur,Hart,,,
Bryan,Watts,,,
Thomas,Sydow,,,
Steven,Ross,,,
Leo,Phillips,,,
James,Cummings,,,
Norman,Prince,,,
Armando,Ryles,,,
Glenn,Healy,,,
Joshua,Duran,,,
Mark,Heckman,,,
Kevin,Getchell,,,
Matthew,Navarrette,,,
Joseph,Williams,,,
Jonathan,Stanley,,,
Marvin,Smith,,,
Frank,Pedersen,,,
Ronald,Back,,,
Neal,Maynard,,,
Robert,Ingersoll,,,
Max,Davis,,,
Howard,Stevens,,,
Richard,Jones,,,
Timothy,Gutierrez,,,
Robert,Diaz,,,
Christopher,Deangelo,,,
Roger,Lammers,,,
Alvin,Richard,,,
Thomas,Bryant,,,
Matthew,Willette,,,
Peter,Shirley,,,
Steve,Jones,,,
Ray,McDermott,,,
Daniel,Wetmore,,,
Allen,Graham,,,
Mark,McCormick,,,
Michael,Zapata,,,
Joseph,Haight,,,
David,Fischer,,,
Alfonso,Ramos,,,
Lloyd,Hodge,,,
Joe,Harris,,,
Gregory,Merrill,,,
Richard,Simon,,,
Raymond,Washington,,,
James,Kinney,,,
Stuart,Brown,,,
Richard,Meyer,,,
Robert,Adamson,,,
David,Le,,,
Shaun,Bradley,,,
John,Allen,,,
Daniel,Friedlander,,,
Austin,Skeete,,,
Ronald,Holland,,,
Wesley,Leake,,,
Carlos,Mikkelsen,,,
Michael,Madison,,,
Jose,Roman,,,
Cliff,Dees,,,
Michael,Burnett,,,
Chris,Becker,,,
John,Medina,,,
Marcus,Hernandez,,,
Leo,Giles,,,
Christopher,Jones,,,
Jerrell,Jacques,,,
Claude,Bryant,,,
Steve,Montoya,,,
Wilson,Marcell,,,
Christopher,Morgan,,,
Dennis,Wales,,,
Leon,Martinez,,,
James,Dashiell,,,
Philip,Deford,,,
Ronald,Scott,,,
Edwin,Perez,,,
Donnie,Bowie,,,
William,Johnson,,,
Ryan,Sager,,,
Ellis,Hillen,,,
Norbert,Martinez,,,
Rolando,Grove,,,
Michael,Pass,,,
Jay,Dow,,,
Thomas,Macklin,,,
Eduardo,Tafolla,,,
Adam,Berg,,,
Cary,Amador,,,
John,Jefferies,,,
James,Hernandez,,,
Matthew,Young,,,
Marc,White,,,
Willie,Ford,,,
Wayne,Glaze,,,
Manuel,Holiday,,,
Jeremy,Hall,,,
Antonio,Green,,,
Frank,Sutton,,,
Ronald,Acton,,,
Daryl,Chapa,,,
Joe,Prestridge,,,
Harold,Bell,,,
Kevin,Ottinger,,,
John,Shaw,,,
Van,Cerny,,,
Richard,Gillman,,,
Gregory,Leventhal,,,
Jeremiah,Harper,,,
Tyler,Ross,,,
Charles,Kist,,,
Timothy,Teel,,,
Jimmy,Gingras,,,
Terry,Stone,,,
William,Weitzel,,,
Charles,Sullivan,,,
John,Armstrong,,,
Frank,Howe,,,
Ronnie,Hayes,,,
Clarence,Ramirez,,,
Phillip,Eldridge,,,
Gerald,Holland,,,
Raul,Bice,,,
Corey,Johnston,,,
George,Carr,,,
Raymond,Rich,,,
Michael,Jones,,,
Ronnie,Leedy,,,
Adam,Benitez,,,
Jesse,Canter,,,
Scott,Short,,,
Ken,Henry,,,
Johnny,Fritz,,,
William,Tobias,,,
Andrew,Werner,,,
Robert,White,,,
Michael,Nagao,,,
Joshua,Matthew,,,
Steve,Hart,,,
Todd,Haynes,,,
Neal,Morris,,,
David,Descoteaux,,,
Anthony,Williams,,,
George,Orem,,,
Carl,Ward,,,
Dennis,Graham,,,
Ronald,Goulet,,,
Peter,Valverde,,,
Patrick,Garner,,,
Charles,Wooten,,,
Terry,Ruppert,,,
James,Raines,,,
Joesph,Coronado,,,
Fred,Freeman,,,
Oscar,Saenz,,,
Norman,Vargas,,,
David,Brunette,,,
Alejandro,Ordway,,,
Jared,Graves,,,
Ronald,Stokely,,,
Robin,Rimmer,,,
Benjamin,Brandt,,,
Jon,Smith,,,
Darryl,Pendleton,,,
Kelvin,Brooks,,,
King,Grubbs,,,
Joseph,Chapman,,,
Patrick,Eaton,,,
Franklin,Wall,,,
Christopher,Batten,,,
Jerald,Mantz,,,
Ken,Mazzella,,,
Walter,Stewart,,,
Matthew,Stumpf,,,
Carlos,Dorsey,,,
Brad,Ganey,,,
Oliver,Cox,,,
Samuel,Anderson,,,
Jonathan,Stoops,,,
William,Craver,,,
Frank,Beers,,,
Anthony,Torres,,,
Gregory,Sanchez,,,
Jarrett,Bolin,,,
Paul,Beam,,,
Clint,Woodward,,,
Phillip,Dorn,,,
Charles,Fulk,,,
Larry,Hillman,,,
William,Hayes,,,
Ernest,Jefferson,,,
Eric,Fregoso,,,
Clarence,Wood,,,
Benjamin,Kemp,,,
Larry,Cerny,,,
Adam,Choudhury,,,
Mark,Hubbard,,,
Joseph,Bennett,,,
Randy,May,,,
William,Lummus,,,
Clifton,Lemos,,,
Rodney,Starr,,,
Richard,Joseph,,,
Donald,Stone,,,
Michael,Cordova,,,
James,Robinson,,,
Brian,Chapman,,,
Simon,Frasier,,,
Bob,Finley,,,
Bill,Coleman,,,
Julius,Caves,,,
Cesar,Harris,,,
Jimmy,Botts,,,
Carmine,White,,,
Corey,Otto,,,
Michael,Walsh,,,
Larry,Brinkmann,,,
Leopoldo,Basso,,,
Thomas,Roper,,,
Thomas,Beasley,,,
Lewis,Galvez,,,
John,Antonio,,,
Matthew,Finley,,,
Zachary,Ford,,,
Carl,Macleod,,,
Bob,Read,,,
James,West,,,
Brent,Bennett,,,
Leland,King,,,
Jame,Peterson,,,
Ronald,Mickelson,,,
Kevin,Sutton,,,
Gerald,Ashe,,,
Charles,Lessard,,,
Bruce,Thomas,,,
Gregory,Foreman,,,
Michael,Walker,,,
Jack,Lucas,,,
Robert,McDougle,,,
Joshua,Garces,,,
Bruce,Florence,,,
Marvin,Salazar,,,
Denis,Perry,,,
Tyler,Darby,,,
Clarence,Chandler,,,
William,Huskey,,,
Jeffrey,Mattox,,,
Sylvester,Neer,,,
Allen,Roundtree,,,
Russell,Schultz,,,
Donald,Dowling,,,
Mark,Poplin,,,
Sean,Nelson,,,
Christopher,Ayala,,,
Ronnie,Behrendt,,,
Chris,Jones,,,
Jesus,Jolley,,,
Luis,Staggs,,,
Burton,Gray,,,
Ernesto,Griffin,,,
Paul,Lodge,,,
Roger,Smith,,,
Albert,Hawke,,,
Robert,Woolum,,,
Tracey,Muff,,,
William,Caldwell,,,
James,Starnes,,,
Zachary,Williams,,,
Gordon,Caldwell,,,
Gregory,Wilson,,,
Tyler,Ratcliff,,,
George,Shelton,,,
James,Gamez,,,
Robert,Chung,,,
Toby,Allen,,,
Ernest,Hernandez,,,
Michael,Mooney,,,
Josiah,Catt,,,
Andrew,Reece,,,
Theodore,Nunez,,,
William,Servin,,,
John,Self,,,
Brian,Melgar,,,
Ryan,Harkins,,,
Johnny,O'Connor,,,
Walter,Williams,,,
Raymond,Griffith,,,
David,Perry,,,
Steven,Jordan,,,
Richard,Schmidt,,,
John,Graves,,,
Herman,Jackson,,,
Gregory,Boyle,,,
John,Malone,,,
Jay,Austin,,,
Karl,Landry,,,
Timothy,Sullivan,,,
Alberto,Prado,,,
Ray,Reid,,,
Frederick,Hughes,,,
Andres,Vines,,,
Joseph,Edwards,,,
Aaron,Downey,,,
Joseph,Null,,,
Johnny,Rose,,,
Richard,Clemens,,,
Lowell,Montgomery,,,
Burl,Orellana,,,
Eric,Work,,,
Gregg,Glidden,,,
Robert,Lemke,,,
Stephen,Giancola,,,
Charles,Hiatt,,,
Charles,Reay,,,
Branden,Lacy,,,
John,Carey,,,
Joseph,Dennis,,,
Robert,Fleming,,,
Richard,Kennedy,,,
Cody,Cox,,,
Jorge,Maddox,,,
Jose,Alvarez,,,
Roy,Ward,,,
James,Pack,,,
Charles,Alvarado,,,
Timothy,Michael,,,
Dale,McCoy,,,
Aaron,Shelton,,,
Jesse,Vega,,,
Robert,Marshall,,,
Vern,Thurman,,,
Carroll,Courtney,,,
William,Heath,,,
Bruce,Ryder,,,
Robert,Richard,,,
Steven,Casey,,,
Ronald,Cowan,,,
Mark,Gay,,,
Garth,Weaver,,,
George,Haun,,,
John,Brumbaugh,,,
Alvin,Davis,,,
Patrick,Makowski,,,
Shannon,Buckman,,,
Robert,Williams,,,
David,Erickson,,,
Lance,Irvin,,,
Adam,Rutherford,,,
Michael,McPherson,,,
William,Harris,,,
Kenneth,Blumer,,,
Devin,Gomez,,,
Arnold,Friley,,,
David,Walls,,,
Daniel,Fuqua,,,
William,Hernandez,,,
Edward,Kramer,,,
Jason,Ferland,,,
Matthew,Krueger,,,
Paul,Brown,,,
Kent,Hamblin,,,
Justin,Deyoung,,,
Chad,Morris,,,
John,Wingo,,,
Alberto,Withers,,,
Clarence,Hunt,,,
Jesus,Moyer,,,
David,Pryor,,,
Vince,Pitts,,,
Jeffrey,Lozano,,,
Rodolfo,Dillon,,,
David,Deloach,,,
Kenneth,Boone,,,
Anthony,Tidwell,,,
Michael,Gray,,,
Raymond,Wasinger,,,
Gary,Marquez,,,
Justin,McLaurin,,,
Ronald,Smith,,,
Calvin,Rivera,,,
William,Davis,,,
Loren,Alexander,,,
Dennis,Pearson,,,
Michael,Cover,,,
Randy,Valentine,,,
Victor,Rush,,,
Daniel,Gonzalez,,,
Russell,Bratt,,,
Andrew,Hernandez,,,
David,Kelley,,,
Milton,Chew,,,
Ronald,Phillips,,,
Michael,Derrick,,,
Garret,Peterson,,,
Christopher,Billman,,,
Aaron,Perez,,,
Ronald,McClelland,,,
Timothy,Ortiz,,,
Nicholas,Greer,,,
Charles,Robledo,,,
Theodore,Tryon,,,
Mariano,Ortega,,,
James,Tunstall,,,
Glen,Partin,,,
Herbert,Young,,,
Leonard,Hill,,,
Walter,Householder,,,
Zachary,Hooker,,,
Lawrence,Fujita,,,
Daniel,Pitts,,,
Jeffery,Fuselier,,,
Robert,Norwood,,,
Melvin,Ling,,,
Herbert,Armer,,,
Henry,Jackson,,,
Miguel,Ford,,,
Walter,Griffith,,,
Francisco,Thomas,,,
Jeff,Paul,,,
Matthew,Bolden,,,
Mark,Bush,,,
Ervin,Sims,,,
Monroe,Ramsey,,,
Calvin,Mulcahy,,,
Gregory,Wheeler,,,
Craig,Brodeur,,,
Robert,Franz,,,
Mike,Shackleford,,,
Jacob,Lane,,,
Hector,Bollinger,,,
Henry,Green,,,
Mitchell,Tullis,,,
Robert,Brown,,,
Ryan,Lee,,,
Perry,Renfro,,,
Horacio,Cheek,,,
Andrew,Greve,,,
Matthew,Smith,,,
Justin,Roundy,,,
James,Nelson,,,
Rodolfo,McAnally,,,
John,Mayberry,,,
Daniel,Cooper,,,
Andrew,Ramos,,,
Dwight,Gonzalez,,,
Kenneth,Ammon,,,
Michael,Stroupe,,,
Charles,Fager,,,
Roy,Gautreau,,,
Gary,Jackson,,,
John,Woodcock,,,
Ruben,Hathaway,,,
Sanford,Taylor,,,
Michael,Jackson,,,
Edward,Rose,,,
Paul,Pendleton,,,
Justin,Lowe,,,
Jeremy,Blandon,,,
Rodolfo,Rodriguez,,,
Michael,Chavez,,,
Anthony,Alford,,,
Juan,Buckland,,,
Frederic,Crews,,,
John,Armstrong,,,
Justin,Hollins,,,
William,Bascom,,,
Joshua,Wise,,,
Clyde,Leal,,,
Claude,Geissler,,,
Ronald,Rosin,,,
Johnny,Kirkland,,,
Sylvester,White,,,
George,Sheller,,,
James,Martin,,,
John,Reddick,,,
Michel,Cooper,,,
Bobby,Seaver,,,
Richard,Sullivan,,,
Clarence,Hatfield,,,
John,Alvarez,,,
Robert,Crowder,,,
Michael,Adkins,,,
Ryan,Monreal,,,
Stan,Perez,,,
Adam,Trosclair,,,
Chris,Correa,,,
Christopher,Ferrari,,,
Donald,Evans,,,
Lorenzo,Clayton,,,
Dusty,Massie,,,
Gary,Fan,,,
Nicholas,Wright,,,
Alex,May,,,
William,Chumley,,,
Jeremy,Smith,,,
Richard,Nixon,,,
Ronald,Holley,,,
Charles,Ferrell,,,
Patrick,Phillips,,,
Charles,Gambrell,,,
John,Jimenez,,,
Alfred,Busse,,,
Sebastian,Hatcher,,,
Joshua,Maas,,,
Christopher,Alsup,,,
Richard,Mitchell,,,
Gary,Butler,,,
John,Marquez,,,
Kenneth,Norton,,,
James,Perrin,,,
Michael,Neuman,,,
Francisco,Numbers,,,
Clinton,Mullings,,,
Kenneth,McKenzie,,,
Albert,Clifton,,,
Lawrence,Reed,,,
Allan,Earley,,,
Norman,Toll,,,
Norman,Jackson,,,
Tim,Harris,,,
Brandon,Benedetti,,,
Reed,Hamilton,,,
Gary,Johnson,,,
Dominique,Knapp,,,
Timothy,Velasco,,,
Homer,Johnson,,,
Henry,Overton,,,
Frank,Martinez,,,
Melvin,Carlton,,,
Owen,Bilbrey,,,
Richard,Gallagher,,,
Alfredo,McCullar,,,
Edwin,Mulcahy,,,
Dennis,Pritchett,,,
Carl,Cokley,,,
Wallace,Sewell,,,
Lyle,Rodriguez,,,
Angel,Samuels,,,
Jeffrey,Gosnell,,,
Robert,Shumway,,,
Deandre,Salas,,,
Lewis,Elliott,,,
Mike,Johnson,,,
Joshua,Wright,,,
Daren,Ozuna,,,
Samual,Simmons,,,
Charles,Salvatore,,,
Alex,Corbett,,,
Dan,Smith,,,
Salvador,Cromwell,,,
Charles,Ramer,,,
Brian,Duncan,,,
Terry,Felty,,,
Peter,Whittaker,,,
Peter,Spears,,,
Edwin,Grace,,,
Walter,Kelly,,,
Stephen,Haney,,,
Elvis,Rutledge,,,
Jerome,Baron,,,
Willie,Williams,,,
Ray,High,,,
Frank,Keenum,,,
Daniel,Gonzalez,,,
Louis,Lown,,,
Lonnie,Spohn,,,
Franklin,Blackwell,,,
Victor,Cleveland,,,
Tommy,Price,,,
Greg,Devore,,,
Brain,Swilley,,,
Robert,Vance,,,
Jesus,Welch,,,
Antonio,McLemore,,,
James,Mitchell,,,
Arthur,Alderman,,,
Archie,Mitchell,,,
Bradley,Crowder,,,
Kenneth,Turner,,,
Dennis,Stewart,,,
Frank,Joyce,,,
David,Morris,,,
Jesse,Rodgers,,,
Alberto,James,,,
Elmer,Tinsley,,,
George,O'Donnell,,,
Brett,Joseph,,,
Nicholas,Smith,,,
Roy,Turner,,,
Robert,Hunter,,,
Gonzalo,Dunn,,,
Michael,Rush,,,
Charles,Taylor,,,
Joshua,Pederson,,,
Clifford,Grant,,,
Robert,Spencer,,,
James,Harmon,,,
Kenneth,Gonzalez,,,
Brian,Chambers,,,
Kyle,Jensen,,,
Michael,Kern,,,
Stewart,Cole,,,
William,Williams,,,
Adrian,Whitehurst,,,
James,Patel,,,
Ricardo,Hibbs,,,
Jackie,Murphy,,,
Mark,Jarnagin,,,
Milton,Bogard,,,
Richard,Jennings,,,
Brad,Pierce,,,
Calvin,Edwards,,,
Myron,Brownlee,,,
Dennis,Scott,,,
Milton,Bailey,,,
Patrick,Aube,,,
Scott,Strawn,,,
John,Floyd,,,
James,Lablanc,,,
Phil,Wallace,,,
Roger,Worth,,,
Michael,Thomas,,,
Harold,Crabtree,,,
Albert,Williams,,,
Donald,Phillips,,,
Stanley,Weeks,,,
Raymond,Gouge,,,
Guy,Franco,,,
Leroy,Butts,,,
Mario,Colvin,,,
William,Wong,,,
Justin,Nicholson,,,
Terry,Ovalle,,,
Terrance,Thompson,,,
Daniel,Prince,,,
Lemuel,Bynum,,,
Bob,Holmes,,,
Timothy,Ocampo,,,
Chad,Adamski,,,
Robert,Jackson,,,
James,Ward,,,
Noble,Jones,,,
Willis,Hayward,,,
Timothy,Gobin,,,
James,Helms,,,
Michael,Hill,,,
Harrison,Camarillo,,,
Otis,Salgado,,,
Irving,Hillman,,,
Kenneth,Colburn,,,
Ronald,Bowers,,,
Jasper,Meyer,,,
Benjamin,Weber,,,
John,Miller,,,
Napoleon,Runner,,,
Nathan,Barnhouse,,,
Howard,Brooks,,,
Travis,Flanagan,,,
Thomas,Flores,,,
Thomas,Roach,,,
Edwin,Sloan,,,
Maximo,Breaux,,,
John,Jager,,,
Troy,Geer,,,
Kyle,Reck,,,
Jimmie,Ferguson,,,
Juan,Holloman,,,
Anthony,Mackenzie,,,
William,Haynes,,,
Andre,Young,,,
Jason,McNealy,,,
Jeffery,Bowman,,,
Billy,Ramos,,,
Cody,Tabb,,,
Lonnie,Swasey,,,
Paul,Kratz,,,
James,Bain,,,
Robert,Fish,,,
Hugo,McKenzie,,,
Freddie,Davis,,,
Brett,Gilliam,,,
Enoch,Wilburn,,,
Domingo,Mann,,,
Clarence,Carmichael,,,
Manuel,Baker,,,
Jerry,Dudley,,,
Mark,Lail,,,
Kerry,Trujillo,,,
Allen,Sartain,,,
Travis,Mills,,,
Derrick,Lair,,,
John,He,,,
Julio,Holman,,,
Lawrence,Lanning,,,
Robert,Blaylock,,,
Thomas,Sheeley,,,
Larry,Black,,,
Barry,Wroblewski,,,
Shawn,Howser,,,
Emil,Peck,,,
Sean,Strong,,,
James,Ford,,,
Del,Rogers,,,
Christian,Ramsey,,,
Manuel,Miller,,,
Joshua,Warren,,,
John,Wicks,,,
James,Carlson,,,
Aaron,Henry,,,
Jerry,Boyd,,,
Gary,Casperson,,,
Marvin,McClanahan,,,
John,Patel,,,
Homer,Beery,,,
James,Griffith,,,
Wesley,Willis,,,
Paul,Haile,,,
Brandon,Lee,,,
Van,Whitford,,,
Peter,McCauley,,,
Donald,Powley,,,
Byron,Simons,,,
Danny,Van,,,
Mark,Salgado,,,
Steven,Lupien,,,
Terrence,Dodge,,,
Donald,Gregory,,,
Joseph,Williams,,,
Barry,Corley,,,
John,Hunt,,,
Marcus,Keys,,,
John,Nold,,,
Eugene,Ruggiero,,,
Alex,Bridges,,,
Jeffery,Hicks,,,
Andrew,Harris,,,
Charles,Jackson,,,
Thomas,Banks,,,
Joseph,Barnes,,,
Mathew,McCowan,,,
Christopher,Craig,,,
David,Abram,,,
Eric,Campbell,,,
Gregory,Robinson,,,
Vicente,Fonville,,,
Wayne,Maselli,,,
Randall,Lipscomb,,,
Gregory,Pete,,,
Lawrence,Negron,,,
Brice,Owsley,,,
Chet,Pitts,,,
William,Casias,,,
Edwin,Ranallo,,,
Lee,McDermott,,,
William,Sanford,,,
Kim,Echevarria,,,
Jason,Moyer,,,
Fernando,Curtis,,,
Joseph,Ward,,,
James,James,,,
Carson,Yelton,,,
Jose,Fields,,,
Danny,Mills,,,
Patrick,Burr,,,
John,Busby,,,
Robert,Larsen,,,
Craig,White,,,
Antonio,Roy,,,
Charles,Early,,,
Ronald,Tedrow,,,
Douglas,Horton,,,
Richard,Jester,,,
Michael,McGill,,,
Sammie,Loredo,,,
James,Christopher,,,
Chad,Peters,,,
John,Cato,,,
Brice,Ortega,,,
Don,Rhodes,,,
Wayne,Ly,,,
Nicolas,Kirkpatrick,,,
Robert,Leon,,,
Chris,Young,,,